source_key,platform,vendor,job_kind,show,what_it_does,how_often,reads,why_it_matters,idea_1,idea_2,idea_3,waiting_on
am_playlist,apple_music,,Page reader,yes,Reads the public pages of the {count} Apple Music playlists on our watch list every day and saves songs in order with their album and artist identifiers.,Every day,the Apple Music playlists on our watch list across countries,"It shows adds and drops on Apple's staff-selected and chart lists day by day; Apple shows no follower counts, so this is list membership only.","Could list songs that are on an Apple list but not yet on any Spotify list we follow, as a hint of where Apple is ahead.",,,the first scheduled read
am_playlist_weekly,apple_music,,Page reader,yes,Reads the public pages of Apple Music playlists on our weekly watch list every week and saves songs in order with their album and artist identifiers.,Every week,Apple Music playlists on our weekly watch list,It lets us add slower Apple lists cheaply later without new code.,Could take on long-tail genre and mood lists at a seventh of the daily cost.,,,weekly Apple Music playlists
apple_song_duration,apple_music,,Lookup,yes,Looks up lengths for the {count} Apple Music songs on our watch list through the public Apple catalog every day and saves the duration or a missing result.,Every day,Apple Music songs we track,"Song length is one of the observations used to decide that a song on Apple, Spotify and Shazam is the same recording.",Could widen to every Apple song on the lists we follow so more songs get matched across services.,,,the first scheduled read
bc_daily_list,bandcamp,,Page reader,yes,Reads Bandcamp Daily's staff-selected 'best of the month' lists every day and saves each featured release.,Every day,Bandcamp Daily staff-selected lists,Editor picks on Bandcamp Daily are early press for independent artists.,Could identify a release when Bandcamp editors feature it.,,,readable Bandcamp pages and a watch list
bc_daily_list_weekly,bandcamp,,Page reader,yes,"Reads Bandcamp Daily lists set to weekly, every week each and saves the results for comparison.",Every week,Bandcamp Daily lists set to weekly,It covers older staff-selected lists at lower cost.,Could count how often each artist is featured across the year.,,,readable Bandcamp pages and a watch list
bc_discover,bandcamp,,Page reader,yes,"Reads Bandcamp's Discover genre rankings (for example top rock, jazz, hip-hop) every day and saves each ranked release.",Every day,Bandcamp Discover genre pages,"Bandcamp rankings reflect people paying for music in independent scenes, a signal the big services miss.",Could list artists rising on Bandcamp who have no Spotify playlist presence yet.,,,readable Bandcamp pages and a watch list
bc_discover_weekly,bandcamp,,Page reader,yes,"Reads Bandcamp Discover rankings set to weekly, every week each and saves the results for comparison.",Every week,Bandcamp Discover pages set to weekly,It covers slower Bandcamp rankings at lower cost.,Could track which genres gain the most new releases week over week.,,,readable Bandcamp pages and a watch list
bc_fan_playlist,bandcamp,,Page reader,yes,Reads public Bandcamp fan playlists every day and saves each track on them.,Every day,public Bandcamp fan playlists,Fan-made lists show what dedicated buyers are sharing.,Could spot tracks that appear on many fan lists before any staff-selected list.,,,readable Bandcamp pages and a watch list
bc_fan_playlist_weekly,bandcamp,,Page reader,yes,"Reads Bandcamp fan playlists set to weekly, every week each and saves the results for comparison.",Every week,Bandcamp fan playlists set to weekly,It covers slower fan lists at lower cost.,Could track which fan lists add new artists most often.,,,readable Bandcamp pages and a watch list
bc_radio,bandcamp,,Page reader,yes,Reads the tracklists of Bandcamp Radio shows every day and saves each played track.,Every day,Bandcamp Radio shows,Radio picks are curated attention for independent tracks.,Could show which artists get played on more than one show.,,,readable Bandcamp pages and a watch list
bc_radio_weekly,bandcamp,,Page reader,yes,"Reads Bandcamp Radio shows set to weekly, every week each and saves the results for comparison.",Every week,Bandcamp Radio shows set to weekly,It covers older shows at lower cost.,Could make a list of tracks with repeat plays across shows.,,,readable Bandcamp pages and a watch list
bc_tralbum,bandcamp,,Page reader,yes,"Reads each Bandcamp artist's sitemap every day and, when it changed, their album and track pages, and saves release and track details.",Every day,Bandcamp artist pages,It gives release details for independent artists who are not on the big stores yet.,Could flag a Bandcamp artist who just put out a new release.,,,readable Bandcamp pages and a watch list
billboard_hot100,billboard,,Page reader,yes,"Reads the Billboard Hot 100 page every week and saves each position with title, artist, last week's spot, peak and weeks on chart.",Every week,the Billboard Hot 100,"It is the chart everyone in the industry quotes, so it anchors our earlier signals against a known outcome.",Could measure how many weeks earlier a Hot 100 song showed up on Shazam city charts or our followed playlists.,,,the first scheduled read
cycle_close,,,Housekeeping,hidden,"Closes each round once every reader in it has finished and stamps it with a number, so the cleaning and matching steps know the round's data is complete.",Every day,Completed collection records,It stops half-finished data from reaching the tables people read.,Could show a simple 'last complete round' time on every page.,,,the first scheduled read
jev_instrument_family,,typesafe,AI step,yes,Asks TypeSafe AI a fixed set of questions about public instrument facts every day and saves each answer with its confidence for reviewing structured answers.,Every day,a small local list of instruments,Public instrument questions give authors a small example of structured AI answers and confidence values.,"Could reuse the same pattern to answer fixed questions about artists, with a confidence score per answer.",,,a TypeSafe AI credential and reviewed questions
kexp_plays,kexp,,Reader,yes,"Reads every song KEXP radio played, with rotation status and performance and request flags, every day, plus a two-year backfill.",Every day,all KEXP airplay,Radio rotation adds an independent view of attention around emerging artists.,Could flag a watchlist artist added to KEXP's heavy rotation.,,,KEXP’s written permission
lb_fresh_releases,listenbrainz,,Reader,yes,"Reads releases dated within three days of today, with their listen counts, from ListenBrainz every day.",Every day,new releases ListenBrainz knows about,Early listens help an analyst compare recent releases.,Could list this week's new releases with the most early listens.,,,ListenBrainz supporter access
lb_popularity,listenbrainz,,Reader,yes,Reads each public catalog artists artist's total ListenBrainz listens and distinct listeners every day.,Every day,global MusicBrainz artist identities and public lookup results,Open listening totals provide another measure of an artist’s audience over time.,Could show week-over-week listener growth per artist from an open source.,,,source access configuration
lb_similar_artists,listenbrainz,,Lookup,yes,Checks catalog artists every day for their weekly ListenBrainz lookup and saves artists that listeners play alongside them for the analyst.,Every day; each input is checked once a week.,global MusicBrainz artist identities and public lookup results,Related listening gives an analyst another set of artists to investigate.,Could suggest new watchlist artists who share listeners with selected catalog artists.,,,source access configuration
lb_sitewide,listenbrainz,,Reader,yes,"Reads ListenBrainz's weekly top 1,000 artists, songs and albums every week and saves the results for comparison.",Every week,ListenBrainz sitewide weekly charts,Open listening charts provide a reference beyond the large streaming services.,Could compare ListenBrainz top artists against Spotify lists to find artists popular with dedicated listeners.,,,ListenBrainz supporter access
mb_artist_catalog,musicbrainz,,Lookup,yes,"Checks credited artists every day for a weekly reading from our MusicBrainz copy, saving release counts by type and the year of each artist’s first release.",Every day; each input is checked once a week.,every MusicBrainz artist credited on a song we track,Release history helps distinguish a new artist from an artist with a long catalog.,"Could filter the songs moving on our lists to artists with fewer than three releases, for exploration.",,,the first scheduled read
mb_resolve,musicbrainz,,Lookup,yes,"Matches priority songs left by our first matching pass against our MusicBrainz copy every hour, using album links, titles, artists and song lengths.",Every hour,priority tracks from the lists and charts on our watch list that have no recording match yet,"More matches means one song is counted once, not three times, across services.",Could show a 'songs we still can't identify' list so a person can fix the worst gaps.,,,the first scheduled read
mb_spine,musicbrainz,,Import,yes,"Copies the part of the MusicBrainz music database that covers the songs, releases, artists and labels we track, from our private mirror, every week.",Every week,every song,Shared recording and artist references help connect copies across services and retain their published label relationships.,Could show each artist's label and that label's parent company in one line.,,,the first scheduled read
sc_curator_playlists,soundcloud,,Reader,yes,Reads the playlist listings of SoundCloud curator accounts every day and suggests new playlists to follow.,Every day,the SoundCloud curator accounts listed,It finds new SoundCloud lists without a person searching for them.,Could propose new curator lists to follow each week.,,,an official credentialed SoundCloud integration (not included)
sc_curator_playlists_weekly,soundcloud,,Reader,yes,"Reads SoundCloud curator accounts set to weekly, every week each and saves the results for comparison.",Every week,SoundCloud curator accounts set to weekly,It covers slower curators at lower cost.,Could track which curators create new lists most often.,,,an official credentialed SoundCloud integration (not included)
sc_hubs,soundcloud,,Reader,yes,Reads SoundCloud's own staff-selected selections and chart shelves every day and suggests playlists to follow.,Every day,SoundCloud's staff-selected and chart pages,It finds SoundCloud's official lists automatically.,Could show which genres SoundCloud features most this month.,,,an official credentialed SoundCloud integration (not included)
sc_playlist,soundcloud,,Reader,yes,"Reads SoundCloud playlists every day and saves every track with plays, likes, reposts, comments, label and ISRC.",Every day,the SoundCloud playlists listed,SoundCloud playlist history adds evidence from rap and electronic scenes that other services may miss.,Could flag tracks with fast-growing reposts on underground lists.,,,an official credentialed SoundCloud integration (not included)
sc_playlist_weekly,soundcloud,,Reader,yes,"Reads SoundCloud playlists set to weekly, every week each and saves the results for comparison.",Every week,SoundCloud playlists set to weekly,It covers slower SoundCloud lists at lower cost.,Could show week-over-week adds per list.,,,an official credentialed SoundCloud integration (not included)
sp_playlist,spotify,,Page reader,yes,"Reads the public pages of the {count} Spotify playlists on our watch list every day and saves each song in order, playlist followers and the first 30 songs’ play counts.",Every day,the Spotify playlists on our watch list daily,"Day-by-day playlist membership shows exactly when a song gets added, moved or dropped on the lists that matter, which paid trackers sell as a product.","Could send a note the day a watched artist lands on one of these playlists, with the position and the playlist's follower count.",Could rank songs by how many of these playlists added them this week.,,the first scheduled read
sp_playlist_weekly,spotify,,Page reader,yes,Reads the public pages of the {count} Spotify playlists on our watch list every week and saves each song in order and the playlist’s follower count.,Every week,the Spotify playlists we check weekly,It keeps slower-moving playlists in the picture at a seventh of the cost of daily reads.,Could show the week-over-week adds and drops for each of these lists in one short table.,,,the first scheduled read
sp_track_artists,spotify,,Lookup,yes,"Looks up the public Spotify page of tracks from our followed playlists whose artist was not shown on the playlist, every day, and saves the artist ids and names.",Every day,tracks on the playlists on our watch list that came in without an artist id,It fills in missing artists so every song on a list can be tied to a real artist.,Could spot features and collaborations by counting tracks with more than one credited artist.,,,the first scheduled read
sz_chart,shazam,,Page reader,yes,"Reads the {count} Shazam charts on our watch list every day and saves each position with the song, artist and available Apple song identifiers.",Every day,the Shazam charts on our watch list,"Shazam shows people actively trying to find out what a song is, often city by city and before it charts elsewhere.",Could flag a song that enters a city chart before it appears on any Spotify or Apple list we follow.,Could map which cities pick up a song first.,,the first scheduled read
targets_export,,,Housekeeping,hidden,"Freezes the list of playlists, charts and accounts to read at the start of each hourly, daily and weekly round, so every step in the round works from the same list.",Every day,The saved watch list,"It makes each round repeatable: a retry reads the same list, so numbers do not shift because someone edited the list mid-run.",Could show 'what we watched on this day' for any past day.,,,the first scheduled read
track_isrc_crosswalk,deezer,,Lookup,yes,"Searches Deezer's public API every hour for priority Spotify tracks that have no ISRC yet and saves the ISRC only when artist, title and length agree.",Every hour,priority Spotify tracks from the lists on our watch list that have no ISRC,"A recording code helps connect the same song across Spotify, Apple, Shazam and rights data.","Could report what share of the songs on our followed lists we can tie to one barcode, per list.",,,the first scheduled read
wiki_pageviews,wikipedia,,Reader,yes,Reads daily human views of each public catalog artists artist's Wikipedia articles from the Wikimedia API every day.,Every day,global MusicBrainz artist identities and public lookup results,"A jump in people looking an artist up is a public sign of rising curiosity, and it feeds the attention rule for weekly picks.","Could flag an artist whose Wikipedia views doubled week over week, next to what else happened that week.",,,source access configuration
wiki_sitelinks,wikipedia,,Lookup,yes,"Checks catalog artists every day for their weekly Wikipedia article lookup through Wikidata, saving the language editions that the page view reader can use.",Every day; each input is checked once a week.,global MusicBrainz artist identities and public lookup results,It finds the articles that the page-view counter then reads.,"Could show how many languages have a Wikipedia article about each artist, as a rough measure of reach abroad.",,,source access configuration
