name,value,note,reviewed_on
window_max_days,7,Maximum calendar days in each movement window. Edit this row and run dbt seed.,
stream_min_days,3,Rated days required in each comparison half. Open mart_song_day to inspect gaps.,
editorial_add_points,3,Points for a full editorial or new-music add. Open playlist evidence to inspect the event.,
algorithmic_add_points,1,Points for a full algorithmic add. Open playlist evidence to inspect the event.,
head_confidence,0.5,Share of add points for a visible-head entry. Open playlist evidence to inspect coverage.,
tier_one_followers,1000000,Follower floor for an unseeded flagship list. Open mart_playlist_profile for counts.,
tier_two_followers,100000,Follower floor for an unseeded second-tier list. Open mart_playlist_profile for counts.,
playlist_adds_weight,0.35,Weight of positive playlist points. Open mart_top_movers for component values.,
follower_exposure_gain_weight,0.25,Weight of entered-list follower reach. Open mart_top_movers for component values.,
shazam_spread_gain_weight,0.25,Weight of positive chart spread. Open mart_top_movers for component values.,
stream_rate_gain_weight,0.15,Weight of positive daily play growth. Open mart_top_movers for component values.,
stream_interval_min_hours,20,Shortest provider update interval rated as daily. Open stream evidence to inspect the interval.,
stream_interval_max_hours,28,Longest provider update interval rated as daily. Open stream evidence to inspect the interval.,
shazam_history_days,28,Calendar days checked for a chart entry. Open chart history to inspect observations.,
shazam_min_observed_days,26,Observed chart days required to label a new entry. Open chart history to inspect gaps.,
apple_successor_position_fraction,0.2,Maximum rank distance as a share of the smaller observed chart size on adjacent days. Review the successor census before changing this value.,
